times,gctimes,memory,allocs
8.630635463e9,5.65564591e8,4540162240,434
8.954542098e9,6.90179765e8,4540162240,434
9.268011428e9,5.37198991e8,4540162240,434
8.406536848e9,4.90697721e8,4540162240,434
9.213949286e9,6.18877668e8,4540162240,434
9.279259858e9,5.04101083e8,4540162240,434
9.393132274e9,5.75733438e8,4540162240,434
9.939752622e9,6.99313263e8,4540162240,434
9.291290037e9,6.11684096e8,4540162240,434
9.028596958e9,5.50189785e8,4540162240,434
9.426129449e9,6.81133687e8,4540162240,434
