times,gctimes,memory,allocs
9.149936799e9,5.95437239e8,4540162240,434
1.0493545661e10,8.15731252e8,4540162240,434
9.263002624e9,5.33627842e8,4540162240,434
9.010629358e9,5.23441135e8,4540162240,434
1.0355687495e10,6.41229497e8,4540162240,434
1.0383328621e10,6.5219086e8,4540162240,434
8.538378171e9,5.03263304e8,4540162240,434
9.648553143e9,6.8308686e8,4540162240,434
9.922245213e9,5.73279711e8,4540162240,434
8.30040653e9,5.35130473e8,4540162240,434
9.009605013e9,6.22216357e8,4540162240,434
