times,gctimes,memory,allocs
9.898681679e9,6.14683372e8,4540162240,434
9.612454439e9,7.42295964e8,4540162240,434
9.127588614e9,5.60258083e8,4540162240,434
9.357863191e9,5.63890377e8,4540162240,434
1.034604364e10,6.94061253e8,4540162240,434
1.0797870442e10,6.00814815e8,4540162240,434
9.278024725e9,6.12146333e8,4540162240,434
9.622548032e9,6.61974461e8,4540162240,434
1.0084488807e10,7.35441825e8,4540162240,434
9.735416147e9,5.48203375e8,4540162240,434
9.872803583e9,1.046672559e9,4540162240,434
