times,gctimes,bytes,allocs
39.456297243,0.040689702941773834,4.54028052e9,477.0
34.769580835,0.04153079750522681,4.54028052e9,477.0
31.762934027000004,0.05343284819208808,4.54028052e9,477.0
