times,gctimes,bytes,allocs
34.699507173,0.03868006364783076,4.540166112e9,461.0
39.837955538,0.034745748226955614,4.540166112e9,461.0
37.625116268,0.04512949626269046,4.540166112e9,461.0
