times,gctimes,memory,allocs
3.0988192909e10,1.840143337e9,4540165984,455
