times,gctimes,memory,allocs
3.0451778762e10,1.618426951e9,4540165936,454
4.0625651619e10,2.444162729e9,4540165936,454
