times,gctimes,memory,allocs
3.5988941859e10,1.431468229e9,4540165984,455
3.1907892162e10,2.951484736e9,4540165984,455
