times,gctimes,memory,allocs
4.0896641069e10,1.699583868e9,4540165936,454
