times,gctimes,memory,allocs
3.6712761204e10,1.266939575e9,4540165936,454
3.1389517028e10,1.777372888e9,4540165936,454
