times,gctimes,bytes,allocs
37.438439975,0.038964241164271426,4.540166112e9,461.0
46.648686085,0.050145370305556804,4.540166112e9,461.0
34.947311288,0.05572830267113395,4.540166112e9,461.0
