times,gctimes,memory,allocs
3.6763874675e10,2.293964688e9,4540165936,454
3.7847040885e10,2.361621306e9,4540165936,454
