times,gctimes,memory,allocs
3.6304702191e10,2.065674006e9,4540280344,470
