times,gctimes,memory,allocs
2.5666486607e10,1.130349019e9,4660165992,15000456
2.7458216784e10,2.469076984e9,4660165992,15000456
