times,gctimes,bytes,allocs
39.112558866,0.029457070654652064,4.54016616e9,462.0
37.487224799,0.07218903401118637,4.54016616e9,462.0
31.456428301000003,0.06072883617684183,4.54016616e9,462.0
