times,gctimes,bytes,allocs
38.201664929,0.055949647455743746,4.660166168e9,1.5000463e7
47.032037451,0.030288254521912313,4.660166168e9,1.5000463e7
46.144791738,0.05666220408676883,4.660166168e9,1.5000463e7
