times,gctimes,bytes,allocs
42.122941161,0.042361227084781246,4.540166112e9,461.0
43.357202637,0.04270949840799343,4.540166112e9,461.0
38.969050826,0.05449895943021089,4.540166112e9,461.0
