times,gctimes,bytes,allocs
35.903843099,0.0415437060285489,4.54016616e9,462.0
37.290194786,0.03478252930679127,4.54016616e9,462.0
28.801469321000003,0.05862679914627957,4.54016616e9,462.0
