times,gctimes,memory,allocs
2.9683035335e10,1.701267057e9,4660165992,15000456
