times,gctimes,memory,allocs
4.1798364489e10,1.68976564e9,4540165984,455
