times,gctimes,memory,allocs
3.2166086768e10,2.250554199e9,4540280344,470
2.6045849564e10,1.646125186e9,4540280344,470
