times,gctimes,memory,allocs
3.233682687e10,1.74523324e9,4540165936,454
3.9407190436e10,1.34211154e9,4540165936,454
