times,gctimes,memory,allocs
3.312152848e10,1.824324811e9,4540165984,455
