times,gctimes,bytes,allocs
37.503754480000005,0.06579202376433646,4.660166168e9,1.5000463e7
29.149666769000003,0.06939332229866836,4.660166168e9,1.5000463e7
39.159987327,0.04695225589953879,4.660166168e9,1.5000463e7
