times,gctimes,memory,allocs
3.8565488445e10,2.749084996e9,4540165936,454
