times,gctimes,bytes,allocs
30.806729245000003,0.03552379434040759,4.540166112e9,461.0
37.194818861,0.06819833846965538,4.540166112e9,461.0
32.457553638,0.045416210027430536,4.540166112e9,461.0
