times,gctimes,memory,allocs
3.641082851e10,1.716068269e9,4540165936,454
4.2405459033e10,3.787775962e9,4540165936,454
