times,gctimes,memory,allocs
3.225149217e10,2.453678402e9,4540165936,454
3.8765521599e10,2.21254439e9,4540165936,454
