times,gctimes,memory,allocs
3.9556714164e10,1.742325939e9,4540165984,455
