times,gctimes,memory,allocs
2.4846597825e10,1.535724588e9,4540165984,455
2.6829232548e10,1.943242998e9,4540165984,455
