times,gctimes,bytes,allocs
38.596650828,0.07252652753407446,4.540166112e9,461.0
38.713992884,0.041086748085274044,4.540166112e9,461.0
38.629632617000006,0.04800991933803252,4.540166112e9,461.0
