times,gctimes,bytes,allocs
34.209183656,0.031561048075774055,4.540166112e9,461.0
31.918351022000003,0.061891985981305124,4.540166112e9,461.0
40.802275094,0.04256073407669771,4.540166112e9,461.0
